{
    "parent": "minecraft:item/generated",
    "textures": {"layer0": "minecraft:item/paper"},
    "overrides": [
        {"predicate": {"custom_model_data": 221101},"model": "minecraft:item/fbnikita/card_clubs_02"},
        {"predicate": {"custom_model_data": 221102},"model": "minecraft:item/fbnikita/card_clubs_03"},
        {"predicate": {"custom_model_data": 221103},"model": "minecraft:item/fbnikita/card_clubs_04"},
        {"predicate": {"custom_model_data": 221104},"model": "minecraft:item/fbnikita/card_clubs_05"},
        {"predicate": {"custom_model_data": 221105},"model": "minecraft:item/fbnikita/card_clubs_06"},
        {"predicate": {"custom_model_data": 221106},"model": "minecraft:item/fbnikita/card_clubs_07"},
        {"predicate": {"custom_model_data": 221107},"model": "minecraft:item/fbnikita/card_clubs_08"},
        {"predicate": {"custom_model_data": 221108},"model": "minecraft:item/fbnikita/card_clubs_09"},
        {"predicate": {"custom_model_data": 221109},"model": "minecraft:item/fbnikita/card_clubs_10"},
        {"predicate": {"custom_model_data": 221110},"model": "minecraft:item/fbnikita/card_clubs_jack"},
        {"predicate": {"custom_model_data": 221111},"model": "minecraft:item/fbnikita/card_clubs_queen"},
        {"predicate": {"custom_model_data": 221112},"model": "minecraft:item/fbnikita/card_clubs_king"},
        {"predicate": {"custom_model_data": 221113},"model": "minecraft:item/fbnikita/card_clubs_ace"},
        {"predicate": {"custom_model_data": 221201},"model": "minecraft:item/fbnikita/card_spades_02"},
        {"predicate": {"custom_model_data": 221202},"model": "minecraft:item/fbnikita/card_spades_03"},
        {"predicate": {"custom_model_data": 221203},"model": "minecraft:item/fbnikita/card_spades_04"},
        {"predicate": {"custom_model_data": 221204},"model": "minecraft:item/fbnikita/card_spades_05"},
        {"predicate": {"custom_model_data": 221205},"model": "minecraft:item/fbnikita/card_spades_06"},
        {"predicate": {"custom_model_data": 221206},"model": "minecraft:item/fbnikita/card_spades_07"},
        {"predicate": {"custom_model_data": 221207},"model": "minecraft:item/fbnikita/card_spades_08"},
        {"predicate": {"custom_model_data": 221208},"model": "minecraft:item/fbnikita/card_spades_09"},
        {"predicate": {"custom_model_data": 221209},"model": "minecraft:item/fbnikita/card_spades_10"},
        {"predicate": {"custom_model_data": 221210},"model": "minecraft:item/fbnikita/card_spades_jack"},
        {"predicate": {"custom_model_data": 221211},"model": "minecraft:item/fbnikita/card_spades_queen"},
        {"predicate": {"custom_model_data": 221212},"model": "minecraft:item/fbnikita/card_spades_king"},
        {"predicate": {"custom_model_data": 221213},"model": "minecraft:item/fbnikita/card_spades_ace"},
        {"predicate": {"custom_model_data": 221301},"model": "minecraft:item/fbnikita/card_diamonds_02"},
        {"predicate": {"custom_model_data": 221302},"model": "minecraft:item/fbnikita/card_diamonds_03"},
        {"predicate": {"custom_model_data": 221303},"model": "minecraft:item/fbnikita/card_diamonds_04"},
        {"predicate": {"custom_model_data": 221304},"model": "minecraft:item/fbnikita/card_diamonds_05"},
        {"predicate": {"custom_model_data": 221305},"model": "minecraft:item/fbnikita/card_diamonds_06"},
        {"predicate": {"custom_model_data": 221306},"model": "minecraft:item/fbnikita/card_diamonds_07"},
        {"predicate": {"custom_model_data": 221307},"model": "minecraft:item/fbnikita/card_diamonds_08"},
        {"predicate": {"custom_model_data": 221308},"model": "minecraft:item/fbnikita/card_diamonds_09"},
        {"predicate": {"custom_model_data": 221309},"model": "minecraft:item/fbnikita/card_diamonds_10"},
        {"predicate": {"custom_model_data": 221310},"model": "minecraft:item/fbnikita/card_diamonds_jack"},
        {"predicate": {"custom_model_data": 221311},"model": "minecraft:item/fbnikita/card_diamonds_queen"},
        {"predicate": {"custom_model_data": 221312},"model": "minecraft:item/fbnikita/card_diamonds_king"},
        {"predicate": {"custom_model_data": 221313},"model": "minecraft:item/fbnikita/card_diamonds_ace"},
        {"predicate": {"custom_model_data": 221401},"model": "minecraft:item/fbnikita/card_hearts_02"},
        {"predicate": {"custom_model_data": 221402},"model": "minecraft:item/fbnikita/card_hearts_03"},
        {"predicate": {"custom_model_data": 221403},"model": "minecraft:item/fbnikita/card_hearts_04"},
        {"predicate": {"custom_model_data": 221404},"model": "minecraft:item/fbnikita/card_hearts_05"},
        {"predicate": {"custom_model_data": 221405},"model": "minecraft:item/fbnikita/card_hearts_06"},
        {"predicate": {"custom_model_data": 221406},"model": "minecraft:item/fbnikita/card_hearts_07"},
        {"predicate": {"custom_model_data": 221407},"model": "minecraft:item/fbnikita/card_hearts_08"},
        {"predicate": {"custom_model_data": 221408},"model": "minecraft:item/fbnikita/card_hearts_09"},
        {"predicate": {"custom_model_data": 221409},"model": "minecraft:item/fbnikita/card_hearts_10"},
        {"predicate": {"custom_model_data": 221410},"model": "minecraft:item/fbnikita/card_hearts_jack"},
        {"predicate": {"custom_model_data": 221411},"model": "minecraft:item/fbnikita/card_hearts_queen"},
        {"predicate": {"custom_model_data": 221412},"model": "minecraft:item/fbnikita/card_hearts_king"},
        {"predicate": {"custom_model_data": 221413},"model": "minecraft:item/fbnikita/card_hearts_ace"},
        {"predicate": {"custom_model_data": 221501},"model": "minecraft:item/fbnikita/card_zzz_back" }
    ]
}
