{
	"credit": "Made with Blockbench",
	"textures": {
		"1": "item/fbnikita/card_zzz_back",
		"4": "item/fbnikita/card_clubs_05"
	},
	"elements": [
		{
			"from": [2, 0, 8],
			"to": [14, 16, 8.5],
			"faces": {
				"north": {"uv": [2, 0, 14, 16], "texture": "#4"},
				"east": {"uv": [2, 0, 3, 16], "texture": "#4"},
				"south": {"uv": [14, 0, 2, 16], "texture": "#1"},
				"west": {"uv": [13, 0, 14, 16], "texture": "#4"},
				"up": {"uv": [2, 0, 14, 1], "texture": "#4"},
				"down": {"uv": [2, 15, 14, 16], "texture": "#4"}
			}
		}
	],
	"gui_light": "front",
	"display": {
		"thirdperson_righthand": {
			"rotation": [50, 180, 5],
			"translation": [0, 1.75, 2.5],
			"scale": [0.25, 0.25, 0.25]
		},
		"thirdperson_lefthand": {
			"rotation": [50, 180, 5],
			"translation": [0, 1.75, 2.5],
			"scale": [0.25, 0.25, 0.25]
		},
		"firstperson_righthand": {
			"rotation": [0, 180, 0],
			"translation": [-4.5, 3.5, 2],
			"scale": [0.3, 0.3, 0.3]
		},
		"firstperson_lefthand": {
			"rotation": [0, 180, 0],
			"translation": [-4.5, 3.5, 2],
			"scale": [0.3, 0.3, 0.3]
		},
		"ground": {
			"rotation": [-90, -180, 0],
			"scale": [0.5, 0.5, 0.5]
		},
		"gui": {
			"rotation": [180, 0, 180]
		}
	}
}