{
	"credit": "Made with Blockbench",
	"textures": {
		"layer0": "item/fbnikita/chip_5"
	},
	"elements": [
		{
			"from": [3.5, 4.5, 7.5],
			"to": [12.5, 11.5, 8.5],
			"faces": {
				"north": {"uv": [3.5, 4.5, 12.5, 11.5], "texture": "#layer0"},
				"east": {"uv": [11.5, 4.5, 12.5, 11.5], "texture": "#layer0"},
				"south": {"uv": [3.5, 4.5, 12.5, 11.5], "texture": "#layer0"},
				"west": {"uv": [3.5, 4.5, 4.5, 11.5], "texture": "#layer0"},
				"up": {"uv": [3.5, 4.5, 12.5, 5.5], "texture": "#layer0"},
				"down": {"uv": [3.5, 10.5, 12.5, 11.5], "texture": "#layer0"}
			}
		},
		{
			"from": [4.5, 3.5, 7.5],
			"to": [11.5, 4.5, 8.5],
			"faces": {
				"north": {"uv": [4.5, 11.5, 11.5, 12.5], "texture": "#layer0"},
				"east": {"uv": [10.5, 11.5, 11.5, 12.5], "texture": "#layer0"},
				"south": {"uv": [4.5, 11.5, 11.5, 12.5], "texture": "#layer0"},
				"west": {"uv": [4.5, 11.5, 5.5, 12.5], "texture": "#layer0"},
				"down": {"uv": [4.5, 11.5, 11.5, 12.5], "texture": "#layer0"}
			}
		},
		{
			"from": [5.5, 2.5, 7.5],
			"to": [10.5, 3.5, 8.5],
			"faces": {
				"north": {"uv": [5.5, 12.5, 10.5, 13.5], "texture": "#layer0"},
				"east": {"uv": [9.5, 12.5, 10.5, 13.5], "texture": "#layer0"},
				"south": {"uv": [5.5, 12.5, 10.5, 13.5], "texture": "#layer0"},
				"west": {"uv": [5.5, 12.5, 6.5, 13.5], "texture": "#layer0"},
				"down": {"uv": [5.5, 12.5, 10.5, 13.5], "texture": "#layer0"}
			}
		},
		{
			"from": [12.5, 5.5, 7.5],
			"to": [13.5, 10.5, 8.5],
			"faces": {
				"north": {"uv": [2.5, 5.5, 3.5, 10.5], "texture": "#layer0"},
				"east": {"uv": [12.5, 5.5, 13.5, 10.5], "texture": "#layer0"},
				"south": {"uv": [2.5, 5.5, 3.5, 10.5], "texture": "#layer0"},
				"up": {"uv": [2.5, 5.5, 3.5, 6.5], "texture": "#layer0"},
				"down": {"uv": [2.5, 9.5, 3.5, 10.5], "texture": "#layer0"}
			}
		},
		{
			"from": [4.5, 11.5, 7.5],
			"to": [11.5, 12.5, 8.5],
			"faces": {
				"north": {"uv": [4.5, 3.5, 11.5, 4.5], "texture": "#layer0"},
				"east": {"uv": [10.5, 3.5, 11.5, 4.5], "texture": "#layer0"},
				"south": {"uv": [4.5, 3.5, 11.5, 4.5], "texture": "#layer0"},
				"west": {"uv": [4.5, 3.5, 5.5, 4.5], "texture": "#layer0"},
				"up": {"uv": [4.5, 3.5, 11.5, 4.5], "texture": "#layer0"}
			}
		},
		{
			"from": [5.5, 12.5, 7.5],
			"to": [10.5, 13.5, 8.5],
			"faces": {
				"north": {"uv": [5.5, 2.5, 10.5, 3.5], "texture": "#layer0"},
				"east": {"uv": [9.5, 2.5, 10.5, 3.5], "texture": "#layer0"},
				"south": {"uv": [5.5, 2.5, 10.5, 3.5], "texture": "#layer0"},
				"west": {"uv": [5.5, 2.5, 6.5, 3.5], "texture": "#layer0"},
				"up": {"uv": [5.5, 2.5, 10.5, 3.5], "texture": "#layer0"}
			}
		},
		{
			"from": [2.5, 5.5, 7.5],
			"to": [3.5, 10.5, 8.5],
			"faces": {
				"north": {"uv": [12.5, 5.5, 13.5, 10.5], "texture": "#layer0"},
				"south": {"uv": [12.5, 5.5, 13.5, 10.5], "texture": "#layer0"},
				"west": {"uv": [2.5, 5.5, 3.5, 10.5], "texture": "#layer0"},
				"up": {"uv": [12.5, 5.5, 13.5, 6.5], "texture": "#layer0"},
				"down": {"uv": [12.5, 9.5, 13.5, 10.5], "texture": "#layer0"}
			}
		}
	],
	"gui_light": "front",
	"display": {
		"thirdperson_righthand": {
			"translation": [0, 3, 1],
			"scale": [0.55, 0.55, 0.55]
		},
		"thirdperson_lefthand": {
			"translation": [0, 3, 1],
			"scale": [0.55, 0.55, 0.55]
		},
		"firstperson_righthand": {
			"rotation": [0, -90, 25],
			"translation": [1.13, 3.2, 1.13],
			"scale": [0.68, 0.68, 0.68]
		},
		"firstperson_lefthand": {
			"rotation": [0, -90, 25],
			"translation": [1.13, 3.2, 1.13],
			"scale": [0.68, 0.68, 0.68]
		},
		"ground": {
			"translation": [0, 2, 0],
			"scale": [0.5, 0.5, 0.5]
		},
		"head": {
			"rotation": [0, 180, 0],
			"translation": [0, 13, 7]
		},
		"fixed": {
			"rotation": [0, 180, 0]
		}
	},
	"groups": [
		0,
		{
			"name": "group",
			"origin": [8, 8, 8],
			"color": 0,
			"children": [1, 2, 3, 4, 5, 6]
		}
	]
}