{
	"credit": "Made with Blockbench",
	"textures": {
		"texture": "item/ui/shop"
	},
	"elements": [
		{
			"name": "PlaneX1",
			"from": [7.25, 0, -13.25],
			"to": [7.251, 18.25, 30.5],
			"faces": {
				"east": {"uv": [0, 0, 16, 16], "texture": "#texture"},
				"west": {"uv": [0, 0, 16, 16], "texture": "#texture"}
			}
		}
	],
	"gui_light": "front",
	"display": {
		"gui": {
			"rotation":  [ 0, -90, 0 ],
			"translation":  [ -70, 21, 1 ],
			"scale":  [ 0.0001, 3.985, 3.985 ]
		},
		"thirdperson_righthand": {
			"rotation": [75, 45, 0],
			"translation": [0, 2.5, 0],
			"scale": [0.375, 0.375, 0.375]
		},
		"thirdperson_lefthand": {
			"rotation": [75, 45, 0],
			"translation": [0, 2.5, 0],
			"scale": [0.375, 0.375, 0.375]
		},
		"firstperson_righthand": {
			"rotation": [0, 45, 0],
			"scale": [0.4, 0.4, 0.4]
		},
		"firstperson_lefthand": {
			"rotation": [0, 225, 0],
			"scale": [0.4, 0.4, 0.4]
		},
		"ground": {
			"translation": [0, 3, 0],
			"scale": [0.25, 0.25, 0.25]
		},
		"head": {
			"rotation": [0, 90, 0]
		},
		"fixed": {
			"rotation": [0, 90, 0],
			"scale": [0.5, 0.5, 0.5]
		}
	}
}